theme_id,0
1,167
2,4
3,18
4,39
5,12
6,24
7,70
8,5
9,4
10,8
11,36
12,37
13,28
14,3
15,16
16,29
17,5
18,11
19,14
20,17
21,21
22,80
23,8
25,1
26,3
30,3
31,5
33,16
34,1
37,121
48,22
50,14
51,11
52,115
53,34
54,7
55,24
56,57
57,11
58,80
59,17
60,15
61,145
62,8
63,49
64,6
65,19
66,27
67,10
68,41
69,14
70,12
71,8
72,32
73,2
74,33
75,14
76,20
77,16
78,16
79,9
80,37
81,7
82,64
83,20
84,30
85,64
86,12
87,21
88,6
89,5
90,18
91,16
92,10
93,22
95,2
96,2
97,6
98,7
99,7
100,10
101,5
102,6
103,11
104,2
105,3
106,13
107,3
108,2
111,7
112,11
113,43
114,32
115,2
116,52
117,13
118,4
119,14
120,70
121,3
122,2
123,9
125,16
126,6
127,10
128,7
129,14
130,89
131,9
132,19
133,11
134,19
135,26
136,9
137,19
138,4
139,6
140,8
141,17
142,9
143,15
144,19
145,4
146,12
147,8
148,44
149,3
151,6
152,7
153,11
154,9
155,16
156,1
157,8
158,753
171,38
186,24
187,7
188,14
189,7
190,6
191,3
193,28
194,7
195,16
196,16
197,23
198,70
199,20
200,1
201,9
202,6
203,3
204,42
205,2
206,37
207,5
208,16
209,10
210,1
211,2
212,1
213,2
214,4
215,1
216,9
227,112
228,23
229,30
230,19
231,8
232,8
233,5
234,23
235,61
236,37
237,2
238,43
239,14
242,29
243,25
244,14
245,1
246,100
252,42
253,13
254,126
255,2
256,5
257,4
258,3
259,44
260,22
261,2
262,14
263,17
264,19
269,27
270,6
271,6
272,14
273,53
274,2
275,21
276,3
277,7
278,16
279,22
280,28
287,2
297,26
298,19
299,10
300,28
301,60
302,13
303,15
304,6
305,17
306,8
307,1
308,8
309,3
310,9
311,6
312,5
313,5
315,24
317,2
319,43
320,6
321,3
322,14
323,20
324,76
325,6
326,7
327,9
328,13
329,11
330,8
331,7
332,7
333,7
334,5
335,13
336,7
337,7
338,7
339,7
340,7
341,13
342,6
343,5
344,25
345,6
346,11
347,29
348,13
349,3
350,8
351,8
352,7
353,11
354,8
355,6
356,13
357,15
358,7
359,17
360,6
361,1
362,6
363,21
364,30
365,41
366,27
367,13
368,1
369,3
370,1
371,273
372,39
373,1
374,5
375,3
376,2
377,3
378,12
379,1
380,1
381,4
382,6
383,1
384,5
385,6
386,13
387,8
388,5
389,47
390,105
397,7
398,32
399,62
400,27
401,44
402,2
403,33
404,9
405,32
406,4
407,13
408,126
409,124
410,29
411,1
412,21
413,22
414,1
415,1
416,42
417,13
418,6
419,3
420,9
421,10
422,3
423,37
424,4
425,51
426,4
427,8
430,3
432,17
433,18
434,31
435,356
437,9
438,19
439,23
440,14
441,11
442,17
443,197
444,1
445,2
446,4
447,6
449,3
450,3
451,11
452,12
453,142
454,14
455,1
456,73
457,2
458,5
459,35
460,11
461,17
462,101
463,4
464,9
466,14
467,107
468,76
469,82
470,46
471,15
472,9
473,99
474,7
475,1
476,13
477,8
478,24
480,19
481,7
494,398
497,310
498,8
499,2
500,77
501,656
502,64
503,329
504,165
505,328
506,19
507,72
509,1
510,1
511,2
512,1
513,3
514,2
515,1
516,248
517,5
518,6
519,1
520,7
521,18
523,4
524,62
525,104
526,5
527,2
528,20
529,27
530,1
531,1
532,16
533,33
534,17
535,39
536,19
537,19
538,19
539,19
540,19
541,19
542,19
543,19
544,19
545,20
546,12
547,19
548,19
549,20
550,19
551,19
552,19
553,19
554,19
555,22
556,18
557,19
558,14
559,7
560,2
562,23
566,17
570,21
571,90
572,27
573,13
574,5
575,8
576,34
577,60
578,30
579,64
581,9
582,9
583,9
584,13
585,9
586,12
587,9
588,9
589,9
590,4
591,30
592,4
593,4
595,8
596,4
597,4
598,71
599,48
600,42
601,43
602,40
603,9
604,68
605,110
606,6
607,2
608,8
609,46
610,100
611,19
614,9
615,8
616,30
617,12
618,23
619,18
620,3
621,46
622,20
625,26
626,31
627,4
628,5
629,3
630,4
631,18
632,299
633,5
634,61
635,18
636,11
638,6
639,3
640,12
641,13
646,17
647,13
648,4
650,72
651,4
652,54
653,7
654,2
655,7
656,25
657,9
658,16
659,6
660,10
661,15
662,6
663,21
664,13
665,10
666,3
667,2
668,73
669,11
670,41
671,4
672,169
673,52
674,28
675,24
676,32
677,22
679,11
680,4
681,19
682,9
683,12
684,19
685,20
686,8
687,11
688,18
689,5
690,31
691,19
692,19
693,13
694,4
695,35
696,46
697,74
698,4
699,4
700,16
701,8
702,57
703,3
704,10
705,8
706,52
707,2
708,43
709,4
